engine_cc,horsepower,mileage_kmpl,price_lakhs,age_years,seats,fuel_type,transmission,brand
2248,98,17.0,15.12,2,5,Diesel,Automatic,BMW
1931,175,19.6,35.24,6,5,Petrol,Automatic,BMW
2324,270,21.3,26.08,2,5,Diesel,Automatic,Audi
2762,243,10.9,29.85,1,5,Diesel,Automatic,BMW
1883,199,11.8,28.05,5,5,Petrol,Automatic,Mercedes
1883,209,10.0,21.9,5,5,Petrol,Manual,Mercedes
2790,163,14.1,41.08,6,7,Petrol,Automatic,Mercedes
2384,136,16.9,14.12,6,5,Petrol,Automatic,Toyota
1765,157,18.9,30.37,1,5,Hybrid,Automatic,BMW
2271,166,14.7,43.39,3,5,Petrol,Manual,BMW
1768,190,13.7,26.05,3,5,Diesel,Manual,BMW
1767,198,15.6,34.14,7,5,Hybrid,Manual,Mercedes
2121,145,11.7,15.42,6,5,Hybrid,Manual,Mercedes
1043,61,23.4,12.68,3,5,Hybrid,Manual,Honda
1138,117,8.6,15.96,4,5,Petrol,Automatic,BMW
1719,107,15.7,23.6,1,5,Petrol,Manual,BMW
1494,158,23.1,16.47,4,5,Petrol,Manual,Audi
2157,159,15.0,21.72,4,5,Petrol,Manual,Mercedes
1546,144,14.2,10.67,1,5,Hybrid,Automatic,Ford
1294,62,13.6,14.07,2,5,Diesel,Manual,Ford
2733,246,14.3,20.33,6,7,Petrol,Manual,Mercedes
1887,144,20.5,30.22,4,5,Petrol,Automatic,Mercedes
2034,177,6.2,16.54,2,5,Petrol,Automatic,BMW
1288,69,21.1,7.57,7,5,Diesel,Manual,Hyundai
1728,171,9.3,22.96,5,5,Diesel,Manual,BMW
2055,224,13.9,28.62,4,5,Hybrid,Manual,Audi
1425,82,13.3,25.76,6,7,Hybrid,Automatic,BMW
2188,104,17.4,29.88,7,5,Petrol,Manual,Mercedes
1700,71,8.6,17.31,3,5,Petrol,Automatic,BMW
1854,169,16.8,31.6,5,5,Petrol,Manual,Audi
1699,150,23.1,22.26,6,5,Petrol,Automatic,BMW
2926,245,9.5,18.11,2,5,Hybrid,Manual,Audi
1993,117,15.8,26.88,5,2,Diesel,Manual,Mercedes
1471,105,12.4,27.39,2,5,Diesel,Automatic,BMW
2411,211,16.7,26.39,3,5,Petrol,Manual,Mercedes
1390,111,15.1,13.13,1,5,Petrol,Manual,Kia
2104,250,12.4,15.05,2,8,Petrol,Automatic,BMW
1020,52,17.0,7.42,3,5,Diesel,Automatic,Audi
1336,128,22.2,15.35,3,5,Diesel,Manual,Mercedes
2098,152,14.2,29.24,6,5,Petrol,Automatic,Audi
2369,176,17.9,14.71,1,5,Diesel,Automatic,BMW
2086,203,9.8,39.83,5,7,Hybrid,Automatic,Mercedes
1942,185,11.2,31.71,6,7,Petrol,Automatic,Audi
1849,221,16.9,25.52,6,5,Diesel,Automatic,Mercedes
1261,63,20.9,21.97,3,5,Petrol,Manual,Mercedes
1640,79,16.4,10.17,4,5,Diesel,Automatic,Toyota
1770,173,13.7,21.51,5,5,Hybrid,Manual,BMW
2529,218,15.0,36.55,4,5,Electric,Manual,Mercedes
2172,135,10.0,37.86,4,5,Petrol,Automatic,Mercedes
1118,52,17.4,18.73,4,5,Petrol,Manual,Mercedes
2162,101,18.5,19.8,4,7,Petrol,Automatic,BMW
1807,202,13.2,34.54,5,5,Petrol,Automatic,Mercedes
1662,92,13.1,11.41,2,4,Diesel,Automatic,Honda
2306,152,16.1,41.8,3,7,Hybrid,Manual,Mercedes
2515,146,13.3,49.2,2,5,Petrol,Manual,Audi
2466,169,14.7,18.88,1,5,Petrol,Automatic,Mercedes
1580,72,23.4,25.01,8,4,Petrol,Automatic,BMW
1845,150,14.0,10.34,1,5,Petrol,Manual,Audi
2166,98,13.6,24.0,10,8,Petrol,Manual,Mercedes
2488,259,12.4,31.71,5,5,Petrol,Automatic,Audi
1760,103,18.0,24.13,6,5,Diesel,Manual,BMW
1907,159,14.3,36.31,3,5,Petrol,Automatic,Mercedes
1447,160,12.4,21.83,6,7,Diesel,Automatic,BMW
1402,129,20.3,17.13,4,7,Hybrid,Automatic,Mercedes
2406,199,20.7,41.25,3,5,Petrol,Manual,BMW
2678,177,12.6,51.57,0,5,Diesel,Manual,BMW
1964,131,7.5,10.47,5,5,Diesel,Manual,Toyota
2502,234,19.0,49.38,8,5,Diesel,Automatic,BMW
2181,261,12.3,13.72,2,5,Petrol,Automatic,BMW
1677,156,18.2,28.87,3,4,Petrol,Automatic,Mercedes
2181,185,7.1,20.08,6,5,Hybrid,Automatic,BMW
2769,273,18.6,19.34,1,5,Hybrid,Manual,Audi
1982,153,10.2,22.99,5,5,Petrol,Automatic,BMW
2782,125,17.9,40.78,5,5,Petrol,Automatic,Audi
800,68,15.1,8.57,7,4,Petrol,Automatic,Audi
2411,281,11.2,14.03,5,5,Petrol,Manual,BMW
2044,110,13.4,28.6,1,8,Diesel,Automatic,Mercedes
1850,176,17.7,34.29,4,5,Petrol,Automatic,BMW
2046,115,15.4,21.99,6,5,Petrol,Automatic,Audi
1006,83,17.3,8.29,1,5,Hybrid,Manual,Mercedes
1890,90,22.9,22.0,1,5,Petrol,Automatic,BMW
2179,166,8.7,12.48,2,5,Hybrid,Manual,Honda
2739,275,21.5,47.4,6,5,Diesel,Automatic,BMW
1741,118,15.4,30.28,4,5,Petrol,Automatic,BMW
1596,149,11.4,22.06,5,5,Diesel,Automatic,Mercedes
1749,181,9.7,18.01,8,5,Diesel,Automatic,Mercedes
2458,281,14.2,41.78,5,5,Petrol,Automatic,Mercedes
2164,127,18.7,28.83,6,5,Petrol,Manual,BMW
1735,125,14.5,30.17,3,5,Diesel,Manual,BMW
2257,118,21.0,32.66,3,5,Hybrid,Automatic,BMW
2049,245,9.2,34.35,4,5,Diesel,Automatic,Audi
2484,284,15.0,34.72,4,5,Petrol,Manual,BMW
1649,137,10.0,18.49,5,5,Diesel,Manual,Mercedes
1836,197,16.5,35.56,4,5,Petrol,Automatic,BMW
1804,147,18.5,23.66,5,7,Diesel,Automatic,BMW
1268,114,13.3,17.85,3,5,Diesel,Automatic,Mercedes
2148,101,5.0,17.84,1,5,Diesel,Manual,Mercedes
2131,214,15.8,30.65,3,5,Hybrid,Automatic,Mercedes
2003,101,16.7,27.19,3,5,Diesel,Automatic,Mercedes
1883,200,16.6,14.64,3,5,Diesel,Automatic,BMW
1292,133,19.9,7.61,6,4,Petrol,Automatic,Honda
1790,173,10.7,25.18,7,5,Hybrid,Manual,Mercedes
1829,78,17.7,30.1,5,5,Hybrid,Automatic,Mercedes
1599,103,19.8,20.55,4,8,Petrol,Manual,BMW
1919,117,7.9,16.12,2,5,Petrol,Manual,Mercedes
2202,152,16.3,33.03,0,7,Petrol,Automatic,BMW
2943,138,13.0,18.25,4,5,Hybrid,Automatic,BMW
2087,240,14.7,24.27,3,5,Diesel,Automatic,Mercedes
2129,179,16.4,15.86,5,5,Petrol,Automatic,Audi
1963,126,13.1,15.25,3,5,Hybrid,Manual,Audi
1041,75,12.3,8.36,4,7,Petrol,Automatic,Toyota
1987,151,15.1,21.46,6,5,Hybrid,Manual,Mercedes
2030,179,10.7,11.71,3,5,Petrol,Automatic,Hyundai
3232,263,10.7,35.45,3,5,Petrol,Manual,BMW
1904,216,17.7,24.13,4,4,Petrol,Automatic,Mercedes
2151,172,10.4,26.35,5,5,Petrol,Manual,Mercedes
1983,237,17.7,21.3,5,5,Diesel,Automatic,Toyota
1416,153,16.9,24.9,4,5,Diesel,Automatic,BMW
2571,146,8.1,18.46,8,5,Petrol,Automatic,BMW
2376,272,12.3,29.9,6,5,Petrol,Automatic,Audi
2396,118,19.8,14.21,4,5,Petrol,Automatic,Hyundai
1545,163,11.1,9.37,3,5,Diesel,Automatic,Audi
2701,190,13.1,36.76,3,5,Diesel,Automatic,BMW
1299,143,16.8,17.52,4,5,Petrol,Automatic,Mercedes
2293,251,18.1,41.66,4,5,Diesel,Manual,Mercedes
3095,323,14.0,41.37,3,4,Petrol,Manual,BMW
1505,155,12.6,29.19,4,5,Hybrid,Manual,Mercedes
1717,111,20.7,9.84,3,5,Hybrid,Manual,Hyundai
2050,95,22.0,13.26,5,5,Diesel,Automatic,Toyota
1748,126,18.9,9.9,2,5,Hybrid,Manual,Honda
1225,66,15.3,9.53,6,5,Hybrid,Manual,Hyundai
2034,194,11.8,26.68,5,5,Hybrid,Manual,Mercedes
1469,99,11.7,21.57,1,5,Diesel,Automatic,Audi
2237,264,17.1,12.71,5,5,Petrol,Automatic,BMW
1540,141,16.7,29.55,4,8,Petrol,Manual,BMW
2775,294,20.6,48.93,0,5,Petrol,Automatic,Toyota
1608,81,17.6,15.19,5,7,Diesel,Manual,Audi
1839,200,9.0,11.32,4,5,Petrol,Automatic,Toyota
2407,274,19.2,18.17,6,5,Petrol,Automatic,Audi
1385,109,11.0,9.56,1,5,Petrol,Manual,Toyota
2114,187,13.5,14.48,2,7,Petrol,Automatic,Toyota
2654,269,16.0,33.91,2,5,Diesel,Automatic,BMW
1196,65,23.0,10.39,3,5,Hybrid,Automatic,Honda
2092,168,27.4,21.7,3,5,Diesel,Automatic,Audi
2130,153,17.4,42.26,1,5,Diesel,Manual,Mercedes
2391,124,14.3,36.5,3,5,Diesel,Manual,Audi
1382,96,17.1,26.58,3,5,Petrol,Manual,Mercedes
1340,61,18.6,9.57,3,5,Petrol,Manual,BMW
2261,95,13.7,24.27,2,5,Hybrid,Manual,Mercedes
2148,109,22.2,28.61,3,5,Petrol,Automatic,Audi
2125,249,15.9,13.07,6,5,Petrol,Manual,Audi
2173,182,17.0,11.0,2,7,Hybrid,Automatic,Ford
1660,195,17.7,24.99,4,5,Petrol,Automatic,Audi
2116,158,16.7,30.95,4,7,Petrol,Automatic,BMW
2147,139,18.4,23.96,3,5,Petrol,Automatic,Mercedes
1643,132,12.5,20.28,4,5,Petrol,Automatic,Audi
2933,220,12.8,32.94,3,5,Petrol,Automatic,Audi
2237,108,10.6,11.99,3,5,Petrol,Automatic,Honda
1404,128,16.8,14.08,6,5,Diesel,Automatic,Mercedes
2328,133,18.1,17.82,7,5,Hybrid,Automatic,Mercedes
1513,136,16.8,9.8,6,7,Petrol,Manual,Honda
2394,220,21.7,46.33,2,5,Hybrid,Automatic,Mercedes
2579,135,15.0,36.08,1,5,Petrol,Automatic,BMW
1590,71,17.7,25.33,5,5,Petrol,Manual,BMW
2482,254,10.6,24.15,2,5,Petrol,Manual,Mercedes
2206,169,13.5,24.04,5,5,Diesel,Automatic,Mercedes
2411,108,17.8,20.62,3,7,Petrol,Automatic,Mercedes
2948,353,18.4,19.03,5,5,Diesel,Manual,Mercedes
1877,84,13.8,14.43,5,5,Hybrid,Automatic,Honda
1623,155,14.7,27.53,5,5,Diesel,Automatic,BMW
1555,185,8.9,23.58,6,2,Diesel,Automatic,BMW
1592,94,13.6,21.02,6,5,Hybrid,Automatic,BMW
1961,101,18.6,23.78,5,5,Petrol,Automatic,Mercedes
2171,108,17.3,40.89,5,5,Petrol,Automatic,Mercedes
2138,137,17.0,13.02,2,5,Diesel,Manual,Toyota
2414,116,15.2,22.23,4,5,Diesel,Automatic,BMW
2007,191,15.0,20.57,4,5,Petrol,Automatic,Mercedes
2727,123,12.4,45.64,2,5,Petrol,Automatic,BMW
1868,151,17.8,37.15,3,5,Petrol,Automatic,Audi
3360,402,16.7,28.93,3,5,Petrol,Manual,Audi
2313,243,17.0,41.9,4,5,Petrol,Automatic,BMW
1571,140,12.9,27.43,4,7,Hybrid,Manual,BMW
1465,94,6.4,12.26,2,5,Hybrid,Manual,Mercedes
2241,201,19.4,24.63,6,5,Petrol,Manual,BMW
1888,155,13.1,21.04,4,5,Diesel,Manual,BMW
2357,175,11.5,46.37,4,5,Hybrid,Automatic,BMW
2237,113,17.8,17.25,4,7,Petrol,Manual,Mercedes
1964,218,13.4,33.36,6,5,Petrol,Manual,Mercedes
1577,120,19.2,15.79,5,5,Diesel,Automatic,BMW
1243,69,17.5,19.84,3,5,Hybrid,Manual,Mercedes
1777,123,17.7,20.08,5,5,Petrol,Manual,Mercedes
2428,178,9.5,33.2,5,4,Electric,Manual,Audi
2107,224,19.8,36.85,5,5,Petrol,Manual,BMW
1377,136,16.0,23.5,4,5,Petrol,Manual,Mercedes
2087,212,13.5,37.56,6,5,Petrol,Manual,Audi
2193,90,15.6,12.93,2,7,Petrol,Automatic,Toyota
1558,114,7.9,23.96,9,5,Hybrid,Manual,BMW
2077,163,16.6,14.75,2,5,Electric,Manual,Audi
2029,84,10.9,22.8,2,7,Petrol,Automatic,BMW
1429,87,9.6,18.9,2,5,Electric,Automatic,Audi
2179,220,8.9,24.06,3,5,Hybrid,Automatic,Audi
2280,116,19.5,29.17,6,5,Petrol,Automatic,Audi
2542,211,12.5,50.71,2,5,Diesel,Manual,BMW
2527,145,21.1,17.76,4,5,Petrol,Automatic,Mercedes
1311,54,12.9,19.84,3,5,Diesel,Manual,Mercedes
1531,91,8.2,16.75,9,5,Petrol,Manual,Mercedes
2258,267,10.5,15.8,4,7,Diesel,Automatic,Mercedes
2257,235,19.9,16.66,0,5,Petrol,Automatic,BMW
2258,264,14.4,43.44,4,5,Hybrid,Automatic,Mercedes
3926,310,12.8,71.43,4,5,Hybrid,Automatic,Mercedes
2285,111,15.6,42.51,3,5,Petrol,Manual,Mercedes
2568,215,17.0,51.03,3,5,Petrol,Automatic,Mercedes
2477,189,19.5,20.12,1,4,Petrol,Automatic,BMW
2326,250,20.8,24.03,6,5,Diesel,Automatic,BMW
1842,88,13.6,27.7,8,7,Petrol,Automatic,Audi
2379,188,9.7,29.16,3,5,Diesel,Automatic,Mercedes
1614,84,13.3,18.2,2,5,Petrol,Manual,Audi
1882,124,16.0,19.51,6,8,Petrol,Automatic,BMW
1757,174,11.1,24.43,2,4,Petrol,Manual,Mercedes
2041,159,11.2,27.83,6,5,Petrol,Manual,Mercedes
3157,221,16.4,23.43,3,5,Hybrid,Automatic,Toyota
1066,76,14.8,12.87,3,4,Electric,Manual,Audi
2343,180,15.1,31.17,1,7,Petrol,Automatic,BMW
1194,123,12.0,16.18,3,5,Diesel,Manual,Mercedes
1764,196,14.1,14.38,4,5,Petrol,Automatic,Ford
2544,296,11.3,41.05,4,5,Diesel,Manual,Toyota
2032,209,18.6,10.93,3,5,Petrol,Manual,Kia
1461,95,19.1,15.08,2,4,Diesel,Manual,Audi
1642,156,7.6,27.43,8,5,Hybrid,Automatic,BMW
2340,176,11.3,31.49,3,5,Petrol,Manual,BMW
1635,99,9.0,14.58,4,5,Hybrid,Automatic,Toyota
2108,226,12.4,32.51,4,5,Petrol,Manual,BMW
2023,87,14.7,27.33,7,5,Petrol,Manual,Audi
1674,188,9.2,28.36,4,5,Petrol,Manual,Audi
3072,236,11.3,49.23,2,7,Petrol,Automatic,BMW
2317,211,11.0,32.79,2,7,Petrol,Automatic,Mercedes
987,92,15.8,12.16,3,5,Petrol,Automatic,Audi
2093,234,15.3,14.65,4,7,Petrol,Manual,Mercedes
1669,152,12.1,14.89,5,5,Petrol,Automatic,Toyota
2426,216,15.7,27.38,6,5,Diesel,Automatic,Mercedes
1604,73,12.8,22.44,6,5,Hybrid,Manual,BMW
1943,158,13.9,24.69,6,5,Petrol,Automatic,Mercedes
2252,117,21.7,20.99,2,5,Petrol,Automatic,Mercedes
2433,241,20.4,12.4,2,5,Petrol,Manual,BMW
1400,113,9.8,17.42,5,8,Hybrid,Manual,Audi
1833,173,18.3,17.02,4,5,Diesel,Manual,Mercedes
1763,76,18.2,28.24,3,5,Petrol,Automatic,Mercedes
1673,78,10.4,8.97,3,5,Petrol,Manual,Kia
2883,281,18.3,39.71,5,5,Petrol,Manual,BMW
2202,101,21.2,42.11,1,5,Petrol,Manual,BMW
1370,63,10.5,10.43,3,5,Hybrid,Manual,Ford
2459,101,11.3,29.69,7,5,Hybrid,Manual,BMW
3061,357,19.1,19.5,5,4,Petrol,Automatic,Audi
2516,249,16.1,36.19,6,5,Diesel,Manual,BMW
1240,85,17.2,16.44,5,5,Petrol,Automatic,BMW
1758,112,16.4,19.53,4,5,Petrol,Manual,Mercedes
2633,179,16.6,33.76,4,5,Hybrid,Automatic,BMW
1646,168,9.7,30.37,4,5,Diesel,Automatic,Mercedes
2222,206,19.2,17.65,5,7,Petrol,Manual,Mercedes
2387,131,19.7,12.74,3,5,Petrol,Automatic,Audi
1537,83,14.1,27.55,5,7,Hybrid,Automatic,Mercedes
1970,94,14.8,26.9,5,8,Diesel,Automatic,BMW
800,74,8.9,14.69,0,5,Petrol,Automatic,Ford
1488,151,17.1,20.76,5,5,Petrol,Automatic,Mercedes
1874,115,17.3,32.14,2,5,Petrol,Automatic,Mercedes
1376,57,14.8,15.75,6,8,Electric,Automatic,Mercedes
2816,131,19.5,45.75,4,5,Diesel,Automatic,Mercedes
1285,151,13.7,24.02,3,5,Petrol,Automatic,Mercedes
1780,113,17.3,24.18,5,5,Diesel,Automatic,Mercedes
2065,210,10.9,15.92,7,5,Hybrid,Automatic,BMW
2721,245,14.9,24.58,4,5,Petrol,Automatic,BMW
1282,90,14.3,10.23,2,5,Petrol,Manual,Hyundai
2582,146,15.9,22.47,5,5,Diesel,Automatic,BMW
2005,100,13.5,19.24,3,4,Diesel,Manual,BMW
1509,135,14.5,20.11,0,5,Diesel,Automatic,BMW
2231,227,18.3,30.83,3,5,Hybrid,Manual,Audi
2100,192,13.3,23.93,9,5,Petrol,Manual,BMW
1700,140,8.6,24.19,4,7,Petrol,Automatic,Mercedes
2035,88,22.0,12.67,5,4,Electric,Manual,Audi
1807,212,20.5,11.41,4,5,Petrol,Automatic,BMW
2057,214,9.8,15.59,2,5,Diesel,Automatic,Mercedes
2331,148,17.8,29.77,3,5,Diesel,Manual,Mercedes
2793,331,13.0,22.93,4,5,Diesel,Manual,Mercedes
1381,122,16.1,12.77,5,5,Petrol,Automatic,Kia
3067,266,16.2,33.75,4,5,Hybrid,Manual,Toyota
1024,102,14.1,17.59,5,5,Hybrid,Automatic,Audi
1924,202,11.9,10.02,4,5,Diesel,Automatic,Audi
2294,212,12.2,33.82,4,5,Petrol,Manual,Mercedes
2140,108,11.3,32.17,5,7,Petrol,Manual,Mercedes
1689,113,11.7,28.68,5,5,Petrol,Automatic,Mercedes
1896,217,14.7,36.01,3,4,Petrol,Automatic,Mercedes
1753,102,12.1,9.29,3,5,Petrol,Manual,Audi
1705,119,17.7,12.46,2,5,Electric,Manual,Mercedes
2425,181,20.9,44.36,1,5,Hybrid,Automatic,Audi
2179,164,12.7,25.88,6,5,Diesel,Automatic,BMW
1654,147,16.0,22.28,3,5,Diesel,Manual,Audi
2450,283,17.0,36.62,3,5,Petrol,Automatic,Audi
2154,128,16.9,32.71,3,7,Electric,Automatic,Mercedes
2406,120,15.3,45.66,5,5,Petrol,Automatic,BMW
2315,129,18.0,46.19,4,5,Petrol,Automatic,Mercedes
1586,176,16.9,25.06,6,5,Petrol,Automatic,Audi
1720,158,10.0,16.01,3,7,Hybrid,Automatic,BMW
2374,149,18.5,43.2,1,7,Hybrid,Automatic,Mercedes
2305,243,18.5,13.23,3,5,Petrol,Automatic,Mercedes
1990,217,11.9,16.85,7,5,Hybrid,Automatic,Audi
2059,222,15.2,38.01,5,5,Petrol,Automatic,Mercedes
2639,300,17.7,23.34,4,5,Petrol,Manual,BMW
1704,103,14.2,14.16,6,5,Hybrid,Manual,BMW
2274,228,19.3,16.08,6,5,Hybrid,Automatic,Audi
1899,146,24.5,33.97,2,5,Diesel,Manual,BMW
1891,203,11.9,23.64,3,7,Diesel,Automatic,Mercedes
2549,251,9.5,38.55,6,8,Hybrid,Manual,Toyota
2413,246,16.2,20.72,4,5,Hybrid,Automatic,Toyota
2407,223,17.9,39.4,1,5,Hybrid,Manual,BMW
2653,144,14.1,43.51,2,5,Diesel,Automatic,Audi
2011,168,20.8,19.48,5,5,Electric,Automatic,Mercedes
2341,278,9.6,26.13,3,5,Electric,Manual,Audi
1845,212,17.8,15.03,5,5,Petrol,Automatic,BMW
2162,94,12.6,42.48,4,5,Hybrid,Manual,BMW
1935,103,21.9,28.41,5,5,Petrol,Manual,Audi
2048,104,23.0,38.95,5,5,Petrol,Manual,BMW
2298,225,11.9,21.95,3,5,Diesel,Manual,BMW
1591,168,12.8,26.61,6,5,Petrol,Automatic,Mercedes
3046,174,18.4,50.22,6,5,Diesel,Manual,Mercedes
1497,120,13.5,23.02,4,5,Hybrid,Automatic,Mercedes
1393,149,14.8,27.14,2,7,Petrol,Manual,Mercedes
2579,254,15.1,28.12,3,5,Petrol,Automatic,BMW
2396,200,7.3,16.68,5,5,Hybrid,Manual,Audi
2312,202,14.9,34.85,5,5,Petrol,Automatic,BMW
2314,187,12.2,36.88,3,5,Petrol,Automatic,Mercedes
1994,127,13.0,27.17,3,5,Petrol,Automatic,Mercedes
1551,132,20.8,12.57,3,5,Diesel,Manual,Toyota
2038,194,10.0,25.61,2,5,Diesel,Automatic,Audi
1661,182,18.3,16.08,4,5,Hybrid,Manual,Mercedes
2488,226,13.9,28.39,1,5,Petrol,Manual,BMW
1926,194,13.9,28.27,6,5,Hybrid,Automatic,Audi
1587,84,18.2,25.67,5,5,Diesel,Automatic,Mercedes
1839,141,16.4,15.6,4,5,Petrol,Automatic,Mercedes
2206,90,17.3,24.44,2,5,Diesel,Automatic,Mercedes
1718,103,18.9,15.53,4,5,Diesel,Manual,Audi
1589,156,13.7,12.68,5,5,Diesel,Manual,Toyota
2122,253,12.6,35.55,5,5,Petrol,Manual,BMW
2122,102,10.7,39.55,5,5,Petrol,Automatic,Mercedes
1747,126,11.7,18.44,6,5,Petrol,Automatic,BMW
1764,183,26.8,28.7,6,5,Petrol,Manual,Mercedes
2116,119,20.0,39.05,4,5,Diesel,Automatic,BMW
1276,108,9.6,22.57,4,5,Petrol,Automatic,BMW
1296,128,9.7,10.03,5,8,Hybrid,Automatic,Toyota
1641,147,16.9,31.74,6,5,Petrol,Automatic,Mercedes
1893,104,17.2,20.16,4,5,Petrol,Automatic,Audi
2155,147,17.2,21.74,6,2,Diesel,Automatic,BMW
2738,281,14.0,16.25,2,4,Petrol,Manual,Mercedes
2429,205,14.5,29.86,3,5,Hybrid,Manual,BMW
1920,78,16.3,12.74,4,5,Petrol,Manual,Hyundai
1990,201,15.3,17.37,5,5,Petrol,Automatic,BMW
1499,64,6.1,14.62,4,5,Hybrid,Automatic,BMW
1991,198,14.1,34.11,6,5,Diesel,Automatic,Mercedes
1856,104,11.6,33.65,2,5,Petrol,Manual,Audi
2161,252,15.7,20.61,7,5,Petrol,Automatic,Mercedes
1586,110,26.9,28.36,2,5,Diesel,Automatic,Mercedes
2260,150,16.5,40.36,3,5,Electric,Automatic,Audi
2766,144,13.7,45.56,7,5,Hybrid,Automatic,Audi
1946,125,18.7,14.01,2,7,Petrol,Automatic,BMW
2201,242,16.9,33.8,3,5,Electric,Manual,Audi
2345,281,16.7,44.97,2,5,Petrol,Manual,Toyota
1799,125,17.4,27.41,5,5,Petrol,Manual,BMW
2112,160,23.2,21.07,1,5,Hybrid,Automatic,BMW
2006,196,10.5,25.09,4,5,Petrol,Manual,BMW
2049,227,16.9,30.09,2,5,Petrol,Automatic,Audi
1613,141,11.3,20.42,4,5,Petrol,Automatic,BMW
2012,143,17.2,13.68,4,5,Petrol,Manual,Ford
2249,164,11.3,21.77,3,4,Diesel,Automatic,Mercedes
2726,261,13.3,46.44,3,4,Diesel,Manual,BMW
2480,100,13.8,44.44,3,4,Petrol,Manual,Mercedes
3077,276,18.9,21.72,4,2,Diesel,Automatic,BMW
1616,111,18.7,31.17,4,5,Hybrid,Manual,Mercedes
2436,252,10.0,24.2,3,5,Hybrid,Automatic,Audi
2092,99,15.2,31.24,5,5,Petrol,Automatic,Mercedes
3095,269,12.2,50.38,3,8,Electric,Automatic,Audi
1596,125,10.0,27.42,5,5,Diesel,Automatic,Mercedes
1580,144,14.1,30.31,1,5,Petrol,Manual,Audi
1700,77,13.8,16.48,6,5,Petrol,Automatic,Mercedes
938,81,24.7,16.77,6,5,Petrol,Manual,Audi
1737,148,16.7,12.12,2,5,Diesel,Manual,Honda
1620,137,9.5,25.23,6,5,Petrol,Manual,Audi
2075,183,12.7,33.47,6,5,Diesel,Manual,BMW
2171,204,19.1,32.93,4,5,Petrol,Automatic,BMW
2938,307,23.4,25.81,2,5,Hybrid,Manual,Audi
2475,152,8.7,44.79,3,5,Petrol,Automatic,Audi
1712,181,7.5,12.9,5,7,Hybrid,Automatic,Hyundai
1551,124,22.5,9.0,3,7,Hybrid,Automatic,Honda
2246,104,16.6,35.4,1,5,Petrol,Automatic,BMW
1340,60,11.5,16.26,3,5,Petrol,Manual,Mercedes
2916,195,17.1,51.72,4,5,Petrol,Automatic,Audi
2590,266,5.0,27.84,4,5,Hybrid,Automatic,BMW
1765,171,15.0,13.28,5,2,Diesel,Manual,Ford
1143,118,16.3,20.06,4,8,Petrol,Automatic,BMW
2677,218,18.7,35.43,1,5,Petrol,Automatic,Audi
1943,146,10.9,15.23,4,5,Petrol,Manual,Audi
2619,136,15.3,41.4,2,7,Hybrid,Manual,Mercedes
1203,80,11.3,15.24,4,5,Diesel,Manual,BMW
1700,127,16.0,23.91,2,5,Hybrid,Automatic,Audi
2003,94,11.4,23.86,3,5,Petrol,Automatic,Mercedes
2023,117,13.4,35.26,2,5,Petrol,Automatic,Mercedes
1775,156,11.0,30.96,4,5,Electric,Automatic,Mercedes
2311,228,17.6,36.15,3,5,Petrol,Automatic,BMW
1466,176,18.4,9.65,6,5,Hybrid,Automatic,Ford
1929,221,14.1,33.92,3,8,Petrol,Automatic,BMW
2060,188,15.2,31.03,6,8,Petrol,Automatic,Audi
2257,166,9.2,34.88,2,5,Diesel,Automatic,BMW
2356,214,13.8,24.61,5,5,Electric,Automatic,Mercedes
1438,148,14.8,26.16,4,4,Electric,Automatic,Audi
1233,61,25.5,19.58,7,4,Petrol,Automatic,BMW
2639,192,10.6,17.65,4,5,Petrol,Manual,BMW
2166,232,20.9,24.08,2,8,Diesel,Manual,Audi
1626,115,19.0,29.75,4,7,Diesel,Automatic,Mercedes
2776,238,16.1,15.85,8,5,Diesel,Manual,Toyota
2058,179,22.0,39.97,3,5,Petrol,Automatic,BMW
2590,142,16.5,39.34,2,5,Electric,Manual,Mercedes
2034,140,16.6,29.43,5,5,Diesel,Manual,Mercedes
3030,202,14.8,27.45,4,5,Hybrid,Manual,BMW
2878,121,19.9,25.13,2,5,Diesel,Manual,Mercedes
1876,79,19.4,35.89,6,5,Petrol,Manual,Mercedes
2486,265,12.5,23.55,3,5,Electric,Automatic,Audi
2323,144,9.7,38.64,2,7,Diesel,Automatic,BMW
2684,219,14.2,29.25,8,5,Hybrid,Automatic,Mercedes
1518,97,11.8,10.76,5,5,Electric,Automatic,Audi
2343,270,14.7,12.09,4,5,Diesel,Automatic,Audi
2529,154,19.9,33.29,2,5,Diesel,Automatic,Audi
1121,83,13.2,22.01,3,5,Petrol,Automatic,Mercedes
1408,155,14.8,14.84,6,5,Petrol,Automatic,Hyundai
980,105,15.2,10.15,0,7,Petrol,Manual,Toyota
1865,102,18.4,18.95,3,5,Petrol,Manual,Audi
2359,246,6.0,30.21,3,4,Petrol,Manual,BMW
2751,211,12.6,31.94,5,5,Petrol,Manual,Mercedes
2037,160,15.8,37.07,0,5,Petrol,Automatic,Audi
2814,143,19.8,35.41,5,5,Petrol,Manual,Mercedes
1310,61,13.0,16.53,4,7,Petrol,Automatic,Mercedes
1148,113,7.5,8.12,2,5,Petrol,Automatic,BMW
1972,157,17.5,38.93,4,5,Diesel,Automatic,BMW
2192,164,12.5,19.18,6,5,Diesel,Automatic,Mercedes
1984,195,10.2,12.1,8,5,Petrol,Manual,Toyota
966,98,12.5,14.44,3,5,Diesel,Automatic,Hyundai
1955,103,14.3,27.23,2,5,Hybrid,Manual,BMW
1348,120,12.6,15.13,3,4,Petrol,Automatic,Audi
2335,119,6.2,26.46,3,5,Diesel,Automatic,BMW
2183,219,18.6,36.62,2,7,Electric,Automatic,Audi
1530,142,20.1,12.14,1,5,Hybrid,Automatic,Hyundai
1743,203,17.6,30.16,7,8,Petrol,Automatic,Mercedes
1470,67,10.4,21.65,5,5,Diesel,Manual,BMW
1969,88,14.2,22.22,8,7,Petrol,Manual,Mercedes
2478,155,15.0,29.41,3,5,Diesel,Automatic,BMW
1507,92,17.4,13.34,4,5,Electric,Automatic,Audi
2252,135,17.7,36.67,5,8,Diesel,Automatic,BMW
1735,195,12.1,22.02,7,5,Hybrid,Manual,Mercedes
1604,96,15.3,15.74,5,7,Petrol,Automatic,BMW
1946,120,16.8,27.13,1,7,Electric,Automatic,Mercedes
1482,149,20.8,29.55,3,5,Diesel,Automatic,Mercedes
1723,131,17.8,19.86,3,5,Petrol,Automatic,BMW
1401,143,18.2,26.35,7,5,Diesel,Automatic,Mercedes
2982,135,15.3,30.34,3,5,Petrol,Manual,Audi
2018,159,20.6,11.75,4,5,Petrol,Automatic,Toyota
1650,70,16.6,13.3,0,5,Hybrid,Manual,Hyundai
2107,95,11.6,23.77,4,5,Petrol,Manual,Mercedes
1944,219,20.6,16.12,3,7,Hybrid,Automatic,BMW
1890,97,17.8,9.46,4,4,Petrol,Automatic,Ford
2307,191,13.2,43.2,4,5,Petrol,Automatic,BMW
2379,173,13.1,42.01,2,7,Electric,Automatic,Audi
1735,118,16.2,27.99,6,5,Petrol,Automatic,Audi
1712,192,16.9,12.87,5,5,Diesel,Manual,Hyundai
1862,78,15.8,12.67,4,5,Diesel,Automatic,Audi
849,79,16.2,5.11,2,4,Diesel,Manual,Hyundai
1242,145,21.8,19.7,5,5,Hybrid,Automatic,Mercedes
2683,228,19.3,50.79,1,5,Diesel,Manual,Audi
2822,324,15.8,32.33,4,8,Petrol,Automatic,BMW
1875,83,18.8,12.73,5,5,Hybrid,Automatic,Ford
2288,168,10.9,29.03,0,5,Petrol,Manual,Mercedes
2156,131,16.6,22.06,3,5,Diesel,Manual,BMW
3539,348,22.2,37.59,1,5,Electric,Manual,Audi
2560,303,14.1,36.66,3,7,Diesel,Manual,BMW
1936,117,11.6,30.55,3,5,Hybrid,Manual,Mercedes
1522,141,12.4,10.14,1,5,Diesel,Automatic,Mercedes
1197,67,10.6,6.62,2,5,Hybrid,Automatic,Kia
2102,179,11.9,41.86,6,5,Hybrid,Automatic,BMW
1622,125,13.5,13.77,7,5,Petrol,Automatic,Hyundai
1289,152,9.4,7.49,2,5,Petrol,Automatic,Honda
1677,149,15.1,13.16,5,5,Petrol,Automatic,Hyundai
1459,99,18.6,8.15,3,2,Diesel,Automatic,Hyundai
2844,140,11.4,30.93,5,5,Petrol,Automatic,Mercedes
2441,127,21.1,41.58,0,5,Petrol,Automatic,Audi
1996,116,17.0,20.2,5,5,Petrol,Manual,Audi
2740,165,19.1,31.96,2,5,Electric,Automatic,Audi
2039,220,12.4,30.86,1,5,Diesel,Automatic,BMW
1569,133,18.4,19.82,1,5,Petrol,Manual,Mercedes
2762,226,10.6,49.5,4,5,Petrol,Automatic,Mercedes
2269,112,18.6,40.82,1,4,Petrol,Manual,BMW
1481,161,15.7,7.63,4,5,Petrol,Manual,Mercedes
1905,186,17.2,31.76,4,5,Petrol,Manual,Mercedes
1562,71,10.3,18.6,2,5,Hybrid,Automatic,BMW
1309,126,11.4,25.96,3,5,Electric,Automatic,Mercedes
2463,206,17.4,30.17,3,5,Petrol,Automatic,Mercedes
2955,138,11.2,58.52,7,7,Petrol,Manual,BMW
1301,100,16.9,21.23,5,5,Petrol,Automatic,BMW
2281,180,9.5,19.91,5,5,Petrol,Automatic,Audi
1675,89,18.4,21.9,2,5,Petrol,Manual,Audi
1756,203,10.1,34.91,0,8,Petrol,Automatic,Mercedes
1704,184,17.2,30.44,3,5,Petrol,Manual,BMW
1568,147,17.5,10.13,4,5,Hybrid,Manual,Audi
2024,156,12.2,31.57,7,5,Diesel,Automatic,Mercedes
1585,116,17.3,16.14,3,5,Diesel,Automatic,Audi
2135,197,16.0,10.9,5,5,Petrol,Manual,Ford
1975,165,12.8,21.83,3,5,Hybrid,Manual,BMW
1881,85,11.0,16.03,5,5,Electric,Manual,Audi
1546,125,7.1,26.72,3,4,Petrol,Manual,BMW
1712,179,16.4,17.22,3,7,Petrol,Manual,BMW
2378,182,8.7,41.41,3,5,Diesel,Manual,Mercedes
2250,99,15.4,11.27,2,5,Petrol,Automatic,Audi
1511,155,13.9,14.53,1,7,Petrol,Automatic,Hyundai
2050,115,17.7,17.67,6,7,Diesel,Automatic,Mercedes
2376,144,13.8,20.2,5,8,Diesel,Automatic,BMW
1165,62,13.7,7.02,6,7,Petrol,Manual,Toyota
2272,151,17.9,17.74,4,8,Diesel,Manual,BMW
1669,168,16.3,22.25,2,5,Electric,Automatic,Audi
2285,186,16.3,21.41,5,5,Petrol,Manual,Mercedes
1618,91,16.9,18.22,6,5,Diesel,Manual,BMW
1098,121,8.9,11.7,6,5,Petrol,Manual,Kia
1186,131,18.0,21.51,7,5,Petrol,Automatic,BMW
2024,222,17.4,37.6,5,8,Diesel,Automatic,Audi
2130,126,10.9,26.4,2,5,Petrol,Automatic,Mercedes
1548,118,14.0,15.41,3,7,Petrol,Automatic,BMW
2319,275,14.8,15.31,4,2,Petrol,Automatic,Audi
1169,119,14.5,22.56,4,4,Diesel,Manual,Mercedes
1967,83,16.3,11.61,2,5,Diesel,Manual,Mercedes
1394,63,20.7,13.19,5,5,Petrol,Manual,Mercedes
1674,129,19.3,15.85,4,5,Diesel,Manual,BMW
2024,228,9.8,19.85,3,5,Petrol,Manual,Audi
1570,130,17.5,11.72,4,5,Diesel,Manual,Audi
1808,144,20.3,30.28,6,5,Petrol,Manual,BMW
2503,121,16.5,17.11,3,5,Diesel,Manual,BMW
1712,158,19.4,24.86,2,5,Electric,Automatic,Mercedes
2418,256,23.0,16.58,5,5,Hybrid,Automatic,BMW
1435,101,19.1,8.69,5,5,Petrol,Automatic,Hyundai
2265,231,16.0,42.22,5,5,Hybrid,Manual,Mercedes
2721,319,19.2,21.37,3,5,Petrol,Automatic,Mercedes
800,45,15.6,13.86,7,5,Electric,Manual,Audi
1602,131,15.1,21.1,3,5,Petrol,Manual,BMW
2289,144,13.6,14.12,3,5,Petrol,Manual,Toyota
1898,196,21.3,36.69,2,5,Petrol,Automatic,Mercedes
2186,188,11.7,19.03,5,7,Petrol,Automatic,Mercedes
1698,154,21.1,30.39,3,5,Diesel,Manual,Mercedes
2043,212,17.0,15.39,4,5,Hybrid,Manual,Mercedes
1922,138,9.4,34.23,4,5,Diesel,Automatic,BMW
2584,293,16.5,13.43,4,5,Diesel,Manual,BMW
2127,176,6.6,26.96,4,5,Hybrid,Manual,Audi
2169,114,17.5,35.88,5,8,Petrol,Manual,Mercedes
1794,172,18.5,34.13,4,5,Petrol,Automatic,BMW
1756,182,12.6,32.73,6,4,Petrol,Manual,BMW
1784,117,15.5,30.85,4,5,Petrol,Manual,BMW
2197,239,22.8,40.26,1,5,Petrol,Manual,BMW
1790,201,13.0,14.3,1,5,Petrol,Automatic,Ford
2145,133,10.8,19.87,3,5,Petrol,Automatic,Audi
3038,361,20.9,28.36,6,7,Petrol,Manual,Toyota
2436,125,22.9,25.96,4,5,Hybrid,Automatic,Audi
1837,103,15.0,20.02,1,7,Petrol,Automatic,Audi
2601,142,19.0,34.25,5,8,Diesel,Automatic,Mercedes
1796,200,20.4,13.29,1,5,Diesel,Automatic,Honda
981,91,12.0,15.08,3,5,Diesel,Automatic,Mercedes
1496,78,13.1,11.24,5,5,Petrol,Automatic,Honda
1065,80,19.9,10.28,3,5,Petrol,Manual,Honda
1824,163,21.7,22.89,4,5,Petrol,Automatic,BMW
2009,94,17.3,34.05,5,7,Petrol,Automatic,Mercedes
2838,314,11.5,45.67,5,5,Petrol,Automatic,BMW
2163,226,22.9,31.76,2,5,Diesel,Automatic,BMW
1890,152,12.9,13.87,4,5,Diesel,Automatic,BMW
2415,283,13.7,31.89,4,5,Diesel,Automatic,Toyota
894,66,16.4,5.64,7,5,Petrol,Automatic,Mercedes
2118,251,21.2,22.58,2,5,Petrol,Automatic,Toyota
2385,223,18.4,26.72,1,5,Hybrid,Automatic,BMW
1261,114,16.7,7.06,5,5,Petrol,Automatic,Toyota
2572,137,16.9,23.43,3,7,Diesel,Automatic,Mercedes
2169,240,15.2,41.94,3,5,Hybrid,Automatic,Mercedes
1792,133,17.2,34.59,7,7,Petrol,Automatic,Mercedes
2316,123,5.0,23.82,4,5,Petrol,Manual,Mercedes
3135,129,13.8,17.7,5,5,Petrol,Manual,Mercedes
2091,177,16.0,16.07,5,5,Petrol,Automatic,Audi
2124,175,10.4,23.12,2,2,Petrol,Automatic,BMW
1770,173,16.5,34.01,4,5,Petrol,Manual,BMW
1575,175,14.2,11.21,7,5,Petrol,Manual,Mercedes
2415,112,22.0,39.73,3,5,Diesel,Automatic,BMW
1572,155,21.3,10.42,6,5,Hybrid,Automatic,Honda
2036,112,13.1,40.15,8,5,Petrol,Automatic,BMW
1761,191,14.4,18.89,6,5,Hybrid,Automatic,BMW
2239,236,14.7,37.23,3,5,Electric,Manual,Audi
2167,180,13.2,21.97,4,7,Electric,Manual,Audi
2519,244,15.8,36.31,2,5,Hybrid,Manual,Audi
1745,114,12.0,13.75,3,5,Petrol,Automatic,Hyundai
1865,145,10.5,13.41,5,8,Petrol,Manual,Hyundai
1511,160,17.5,28.82,4,4,Diesel,Automatic,Mercedes
1778,136,17.5,33.36,2,8,Diesel,Automatic,BMW
2189,150,11.8,40.09,4,2,Hybrid,Automatic,BMW
2378,189,18.6,34.2,6,7,Electric,Automatic,Audi
1539,164,12.5,26.35,6,5,Diesel,Manual,Audi
2435,163,16.0,14.7,8,7,Petrol,Automatic,Hyundai
2678,144,18.3,26.84,0,5,Petrol,Manual,BMW
2207,214,14.9,21.42,5,5,Petrol,Manual,BMW
2938,312,16.8,42.7,2,5,Diesel,Automatic,Toyota
1613,78,12.9,16.68,5,5,Diesel,Manual,Mercedes
1378,82,14.2,9.96,1,5,Hybrid,Automatic,Ford
1111,57,14.2,15.5,2,5,Diesel,Automatic,BMW
2748,186,12.0,47.31,3,7,Hybrid,Manual,BMW
2327,177,14.3,24.97,4,5,Diesel,Manual,Mercedes
1972,197,8.8,13.77,1,7,Hybrid,Automatic,Hyundai
2140,197,13.0,17.01,3,5,Petrol,Automatic,Mercedes
1437,129,13.9,12.3,5,8,Hybrid,Automatic,Mercedes
3223,220,14.0,30.61,3,7,Diesel,Automatic,Mercedes
2065,222,14.0,30.24,5,5,Petrol,Automatic,Audi
2055,160,14.8,28.8,7,7,Petrol,Automatic,BMW
2363,280,16.9,36.49,3,5,Hybrid,Manual,Mercedes
2241,203,18.5,23.39,3,5,Petrol,Automatic,Audi
2112,106,12.4,36.66,6,5,Petrol,Automatic,BMW
1605,151,10.2,12.94,5,5,Petrol,Automatic,Mercedes
2236,148,10.8,26.91,3,5,Diesel,Automatic,Mercedes
2941,279,13.1,50.04,3,5,Hybrid,Automatic,Toyota
2673,122,13.6,20.59,5,5,Petrol,Manual,Mercedes
2797,151,11.9,18.59,3,5,Petrol,Automatic,Mercedes
1744,189,9.8,31.84,1,5,Electric,Automatic,Mercedes
1505,88,13.2,15.27,5,5,Hybrid,Automatic,Audi
1937,207,15.7,29.55,7,8,Hybrid,Manual,Mercedes
2028,126,17.4,10.91,3,5,Petrol,Manual,BMW
2547,233,12.8,39.1,1,5,Petrol,Automatic,BMW
1154,110,13.3,11.24,4,5,Petrol,Automatic,Hyundai
2765,224,11.3,16.14,4,5,Diesel,Manual,Toyota
1921,124,14.9,27.18,8,5,Petrol,Automatic,Audi
1787,102,11.6,15.39,3,5,Petrol,Manual,BMW
1494,64,17.3,16.14,4,5,Petrol,Automatic,Mercedes
1173,75,7.9,7.28,4,5,Petrol,Automatic,BMW
2412,223,13.6,17.38,8,5,Hybrid,Manual,Toyota
2037,234,16.2,19.29,3,5,Petrol,Automatic,Audi
1355,149,15.7,8.6,2,7,Diesel,Automatic,BMW
1352,137,25.8,25.23,3,5,Hybrid,Manual,BMW
1832,189,16.4,9.33,5,5,Petrol,Automatic,Mercedes
2835,264,11.0,34.75,5,5,Diesel,Automatic,BMW
1870,114,14.6,12.81,6,5,Electric,Automatic,Mercedes
1248,140,7.9,12.0,5,5,Electric,Manual,Mercedes
1877,176,14.7,35.46,5,5,Petrol,Manual,Mercedes
1864,158,11.7,13.84,6,5,Petrol,Automatic,BMW
800,39,18.7,15.59,0,5,Petrol,Manual,Audi
1973,149,12.8,15.96,3,5,Diesel,Automatic,BMW
1885,145,14.5,30.39,1,5,Diesel,Manual,BMW
2348,256,12.5,30.99,6,5,Diesel,Automatic,Toyota
2924,245,22.0,53.41,1,5,Petrol,Automatic,Audi
2563,181,13.7,34.11,7,8,Petrol,Automatic,Audi
1866,220,22.3,24.29,3,5,Diesel,Automatic,BMW
1447,71,18.3,11.48,3,5,Petrol,Automatic,Toyota
3287,243,16.9,24.63,3,5,Diesel,Automatic,BMW
2030,88,16.5,38.06,3,5,Petrol,Manual,BMW
2007,199,16.6,19.9,4,5,Petrol,Automatic,Mercedes
1988,226,7.3,21.04,5,5,Petrol,Automatic,BMW
2099,131,13.9,34.42,4,5,Petrol,Manual,Mercedes
1928,210,18.4,19.44,2,5,Petrol,Manual,BMW
1713,109,14.8,33.03,3,5,Petrol,Manual,BMW
1727,195,9.4,27.75,4,5,Petrol,Manual,Audi
1984,199,14.8,27.7,2,5,Petrol,Automatic,BMW
1728,180,21.8,31.47,3,5,Petrol,Automatic,BMW
1644,68,20.0,9.44,0,7,Diesel,Automatic,Honda
2053,240,14.8,18.18,8,5,Petrol,Automatic,BMW
1873,184,18.8,22.43,4,5,Diesel,Manual,Mercedes
2752,177,13.5,23.13,3,5,Diesel,Manual,BMW
800,85,8.2,12.93,8,7,Diesel,Automatic,Hyundai
2546,159,11.3,47.83,5,5,Electric,Manual,Mercedes
2623,288,21.3,29.79,3,5,Petrol,Manual,Mercedes
963,47,13.9,9.76,5,8,Diesel,Automatic,Toyota
1829,176,14.0,35.53,1,7,Electric,Automatic,Mercedes
1814,151,13.8,21.17,4,5,Hybrid,Manual,BMW
1296,62,22.6,15.99,3,5,Petrol,Automatic,Mercedes
1611,96,21.5,16.55,1,5,Petrol,Automatic,Mercedes
1445,59,23.9,26.94,3,5,Petrol,Manual,BMW
2876,223,14.4,38.92,4,7,Diesel,Automatic,Audi
2468,158,16.2,40.56,1,5,Diesel,Manual,Audi
2636,232,8.9,45.28,6,7,Petrol,Automatic,Audi
2361,151,20.9,23.91,2,5,Diesel,Automatic,BMW
1435,92,10.3,16.51,4,5,Diesel,Automatic,Mercedes
1738,173,15.9,30.81,4,4,Petrol,Manual,Audi
2245,98,10.6,23.46,6,5,Hybrid,Manual,BMW
1389,156,12.6,23.49,3,5,Hybrid,Manual,Audi
2356,255,11.7,45.03,3,5,Petrol,Automatic,BMW
1880,176,12.6,26.97,2,4,Diesel,Manual,BMW
1813,159,12.8,29.23,7,5,Petrol,Automatic,Mercedes
2355,262,12.8,40.22,2,5,Diesel,Manual,Audi
2222,122,18.3,39.28,4,5,Electric,Automatic,Mercedes
1820,84,10.6,19.88,5,5,Hybrid,Manual,Audi
2580,153,15.9,14.88,2,5,Petrol,Automatic,Toyota
1459,151,19.9,16.09,5,5,Petrol,Manual,BMW
2308,99,12.9,34.87,5,5,Petrol,Manual,Audi
2297,199,12.1,27.0,3,5,Diesel,Automatic,BMW
1845,221,14.1,29.95,4,5,Petrol,Automatic,Audi
2163,235,19.7,22.4,4,5,Diesel,Manual,Mercedes
1374,112,15.8,19.95,2,5,Petrol,Manual,BMW
2462,111,12.9,19.19,3,5,Petrol,Automatic,BMW
1908,203,16.9,30.99,3,5,Petrol,Manual,Mercedes
1739,153,10.6,22.93,3,5,Electric,Automatic,Mercedes
2525,124,17.7,20.35,6,7,Diesel,Automatic,Mercedes
1648,78,16.6,15.46,1,5,Petrol,Manual,Mercedes
1296,146,13.8,21.03,2,5,Petrol,Automatic,Mercedes
1222,114,11.6,14.96,3,5,Diesel,Automatic,Honda
2303,245,11.5,18.98,1,5,Petrol,Automatic,BMW
1360,150,17.1,26.53,6,8,Diesel,Manual,Mercedes
2877,247,19.9,45.25,4,5,Hybrid,Automatic,BMW
959,78,12.5,18.56,3,5,Diesel,Manual,BMW
2848,212,16.8,32.49,9,5,Diesel,Automatic,Mercedes
2106,138,6.7,25.54,5,5,Diesel,Automatic,Mercedes
1952,146,12.7,36.05,6,5,Hybrid,Manual,BMW
1728,176,14.9,22.25,5,5,Hybrid,Automatic,Mercedes
2200,194,11.4,34.34,3,5,Diesel,Automatic,Mercedes
1981,221,11.3,17.4,4,5,Petrol,Automatic,BMW
2552,193,12.3,29.86,5,5,Petrol,Automatic,Audi
2057,182,16.2,14.09,7,5,Petrol,Manual,Toyota
2075,188,14.3,16.79,1,5,Diesel,Manual,Audi
1818,159,6.0,9.12,6,8,Diesel,Manual,Toyota
1972,190,6.5,11.02,3,5,Petrol,Manual,Audi
2154,127,12.6,42.35,5,5,Petrol,Automatic,BMW
1145,93,16.8,9.89,3,5,Petrol,Automatic,Hyundai
1326,64,5.0,19.82,5,5,Hybrid,Automatic,BMW
2372,168,13.0,41.72,4,5,Diesel,Automatic,Mercedes
2085,165,12.9,27.65,6,5,Diesel,Automatic,Mercedes
1908,176,20.6,13.92,4,5,Petrol,Automatic,Toyota
2009,233,13.5,31.99,6,5,Diesel,Automatic,Audi
2174,191,16.5,30.44,5,8,Petrol,Manual,BMW
1730,172,15.6,27.63,2,5,Diesel,Automatic,Audi
1611,130,6.5,26.66,1,7,Petrol,Manual,BMW
2098,190,18.1,41.19,1,5,Petrol,Manual,Mercedes
1511,69,15.9,20.55,3,8,Petrol,Manual,Mercedes
2204,133,17.0,22.31,5,5,Petrol,Automatic,BMW
1149,79,30.7,16.92,3,5,Electric,Automatic,Audi
2515,196,6.7,15.16,5,5,Petrol,Automatic,Mercedes
2236,98,21.9,41.28,4,5,Petrol,Automatic,Mercedes
2128,109,13.9,14.45,3,5,Diesel,Manual,Audi
2491,155,16.1,24.7,6,5,Hybrid,Automatic,BMW
2833,334,14.8,48.83,5,5,Petrol,Automatic,Mercedes
2507,167,13.3,35.0,6,5,Diesel,Manual,BMW
1080,85,12.7,11.78,2,5,Hybrid,Automatic,Honda
1360,76,16.3,16.46,5,5,Petrol,Manual,Mercedes
1688,150,8.9,30.08,6,5,Petrol,Automatic,BMW
2013,126,18.0,20.33,3,5,Petrol,Manual,Mercedes
2259,128,13.3,40.76,5,5,Hybrid,Manual,Mercedes
1637,133,10.5,10.35,5,8,Petrol,Automatic,Hyundai
2093,85,13.2,34.85,6,5,Petrol,Manual,Audi
1622,66,20.0,28.73,3,5,Diesel,Manual,Mercedes
1694,97,12.9,13.09,6,5,Diesel,Automatic,BMW
1297,56,16.4,14.86,11,5,Petrol,Manual,Ford
1538,75,12.1,11.51,5,4,Diesel,Automatic,Hyundai
1324,89,18.0,20.65,6,4,Petrol,Automatic,BMW
1512,158,17.7,19.7,5,5,Petrol,Automatic,BMW
2527,217,22.4,36.72,5,5,Diesel,Automatic,BMW
1525,124,14.3,12.12,2,5,Hybrid,Manual,BMW
3316,210,17.7,27.11,10,5,Petrol,Manual,Audi
2247,257,15.4,12.63,2,5,Hybrid,Automatic,BMW
2092,150,20.2,20.57,2,5,Diesel,Automatic,BMW
1571,74,12.1,21.05,2,5,Petrol,Manual,Audi
2350,210,18.0,41.99,3,5,Diesel,Automatic,Audi
1712,84,14.2,25.69,3,4,Petrol,Automatic,Mercedes
2061,139,14.7,23.77,3,5,Electric,Automatic,Audi
3280,264,15.4,63.29,3,5,Hybrid,Automatic,BMW
1952,215,16.0,30.82,7,5,Petrol,Manual,BMW
2575,205,14.5,48.8,5,5,Petrol,Automatic,BMW
1648,159,15.9,21.28,6,5,Petrol,Manual,BMW
1983,237,21.3,17.62,1,5,Petrol,Automatic,Mercedes
2885,146,18.9,16.71,4,5,Petrol,Automatic,BMW
1687,105,18.5,26.81,3,5,Petrol,Automatic,BMW
2906,208,13.2,19.82,7,5,Diesel,Manual,BMW
2354,174,11.4,22.46,4,7,Petrol,Automatic,Mercedes
1719,125,18.8,22.32,3,5,Hybrid,Automatic,Mercedes
2316,261,18.5,31.19,7,5,Hybrid,Automatic,Mercedes
2486,241,20.9,34.83,1,5,Petrol,Automatic,BMW
2311,205,12.6,17.32,4,5,Hybrid,Manual,BMW
1215,79,14.1,13.0,3,7,Petrol,Automatic,Toyota
1636,173,8.4,23.33,5,4,Petrol,Automatic,BMW
1876,218,13.4,36.67,2,8,Diesel,Automatic,Audi
1963,207,19.0,31.24,4,5,Petrol,Manual,Audi
2310,93,13.1,43.52,4,5,Diesel,Manual,Mercedes
2089,190,17.6,34.33,4,4,Hybrid,Automatic,Audi
1332,59,14.2,18.48,6,5,Electric,Automatic,Mercedes
2190,133,16.3,17.26,8,5,Diesel,Manual,BMW
2305,103,10.4,34.58,5,5,Hybrid,Manual,Audi
2280,201,15.3,32.72,3,5,Petrol,Automatic,BMW
2540,241,5.0,35.65,4,7,Petrol,Manual,Audi
2417,119,14.3,29.84,4,5,Diesel,Automatic,BMW
2230,158,8.5,28.83,4,5,Petrol,Automatic,BMW
1965,150,19.8,19.68,7,5,Petrol,Automatic,Mercedes
1170,81,18.1,14.96,5,5,Petrol,Manual,BMW
2215,110,16.9,17.64,5,5,Diesel,Automatic,BMW
2104,155,21.1,35.93,6,5,Petrol,Manual,BMW
2136,214,11.2,16.63,2,5,Diesel,Automatic,BMW
1362,62,22.0,8.55,7,5,Petrol,Manual,Kia
1459,68,18.7,16.84,3,5,Petrol,Automatic,Mercedes
2527,173,14.1,37.59,5,5,Petrol,Automatic,Mercedes
1980,228,19.5,22.9,2,7,Petrol,Automatic,BMW
2341,219,10.6,21.42,4,5,Hybrid,Automatic,Audi
2014,190,11.7,26.93,6,5,Petrol,Automatic,BMW
2015,139,12.6,20.56,6,5,Petrol,Automatic,BMW
2469,216,12.9,46.89,0,5,Diesel,Automatic,BMW
1742,71,10.8,32.82,0,5,Petrol,Automatic,Audi
2048,186,19.9,25.67,2,5,Petrol,Manual,BMW
1769,200,14.0,17.55,4,5,Petrol,Automatic,BMW
1783,159,16.4,28.63,3,5,Electric,Manual,Audi
1845,203,12.7,10.24,4,5,Diesel,Manual,Honda
2111,207,7.7,25.59,3,5,Petrol,Manual,Mercedes
1761,87,16.1,17.69,8,5,Petrol,Manual,Mercedes
2628,295,7.4,49.43,6,5,Petrol,Automatic,Mercedes
1553,70,14.7,8.04,3,4,Petrol,Automatic,Toyota
1907,158,9.5,25.35,0,7,Diesel,Automatic,BMW
1780,91,22.9,28.68,2,5,Hybrid,Automatic,Audi
2723,111,18.6,33.43,3,5,Petrol,Automatic,Audi
2098,155,15.4,13.18,6,5,Hybrid,Automatic,Honda
2516,160,20.1,49.28,3,5,Petrol,Manual,BMW
1257,99,11.6,16.05,4,5,Petrol,Automatic,BMW
2134,184,17.2,30.33,9,8,Petrol,Automatic,Mercedes
2445,106,15.8,20.9,7,8,Petrol,Automatic,Mercedes
2041,102,16.1,25.01,3,5,Hybrid,Automatic,BMW
2533,215,20.1,28.97,2,5,Petrol,Automatic,Mercedes
1741,117,17.9,10.66,2,5,Petrol,Manual,Hyundai
2705,266,16.2,17.83,2,5,Electric,Manual,Mercedes
3149,290,8.4,55.3,4,5,Hybrid,Automatic,BMW
1819,196,11.2,15.64,6,5,Hybrid,Automatic,BMW
1777,170,14.5,14.08,3,5,Hybrid,Automatic,Toyota
2727,203,15.4,34.29,3,5,Petrol,Manual,Audi
2790,262,10.5,46.12,5,5,Hybrid,Manual,Audi
1739,108,24.6,10.31,5,5,Diesel,Automatic,Mercedes
1790,115,21.1,24.44,5,5,Hybrid,Automatic,BMW
1859,192,17.4,12.62,7,5,Hybrid,Automatic,Honda
1328,101,15.3,7.37,3,5,Petrol,Manual,Honda
1541,160,14.2,8.92,2,5,Hybrid,Manual,Mercedes
1498,158,11.2,26.23,1,5,Petrol,Automatic,BMW
1616,176,15.3,10.94,6,5,Petrol,Manual,Toyota
1983,225,16.0,11.26,4,5,Petrol,Automatic,Audi
2117,158,10.0,24.49,4,8,Hybrid,Automatic,BMW
2775,182,16.3,49.01,6,5,Petrol,Manual,Mercedes
1501,130,14.4,13.41,1,5,Diesel,Automatic,Toyota
2492,174,7.4,28.22,4,5,Petrol,Automatic,Audi
1893,167,11.6,10.6,3,8,Electric,Manual,Audi
1975,190,13.3,23.18,4,5,Petrol,Manual,Audi
2337,222,22.6,31.93,4,7,Hybrid,Automatic,Mercedes
1439,101,17.2,19.52,4,5,Hybrid,Automatic,Audi
2191,117,9.7,21.88,2,8,Petrol,Automatic,Audi
2083,155,16.9,20.27,2,5,Petrol,Automatic,Mercedes
2246,115,8.8,14.82,7,4,Diesel,Automatic,Audi
2145,239,19.3,22.53,7,5,Hybrid,Automatic,BMW
3228,218,13.1,20.96,2,7,Hybrid,Automatic,BMW
1681,88,14.6,27.73,5,5,Petrol,Automatic,BMW
1735,73,20.3,33.82,3,5,Hybrid,Manual,Mercedes
1688,155,9.9,33.0,4,4,Petrol,Automatic,Mercedes
1722,157,9.4,30.95,1,5,Diesel,Automatic,Mercedes
1681,113,12.7,23.55,3,5,Hybrid,Automatic,BMW
2595,119,19.2,40.26,5,8,Petrol,Automatic,Mercedes
2710,197,8.9,25.14,2,5,Hybrid,Manual,BMW
1715,111,5.0,24.8,4,5,Diesel,Automatic,Mercedes
1584,149,13.2,18.75,5,5,Hybrid,Manual,BMW
2236,198,17.2,27.35,2,5,Petrol,Automatic,Audi
1724,119,19.8,28.22,5,5,Petrol,Automatic,BMW
2316,133,13.1,21.37,4,5,Hybrid,Automatic,BMW
2101,250,13.4,20.53,3,5,Petrol,Automatic,Toyota
1242,95,19.6,23.44,4,5,Petrol,Automatic,Mercedes
2774,264,7.5,16.21,5,5,Electric,Manual,Audi
2898,149,13.4,35.6,5,5,Petrol,Automatic,Mercedes
1694,134,15.8,31.66,6,8,Electric,Automatic,Audi
1806,76,16.8,25.56,0,5,Petrol,Automatic,Audi
2143,172,13.0,28.28,3,5,Petrol,Manual,Mercedes
2167,254,15.1,18.95,4,5,Hybrid,Automatic,BMW
2329,165,5.0,23.64,2,5,Diesel,Manual,Mercedes
3005,130,12.4,53.43,6,5,Diesel,Automatic,BMW
1912,81,16.8,25.6,3,4,Diesel,Manual,Mercedes
1601,114,11.1,20.37,5,5,Hybrid,Automatic,Audi
1310,69,15.2,8.51,1,5,Petrol,Automatic,Ford
1635,68,16.8,8.57,2,5,Petrol,Manual,Honda
1983,199,13.6,38.58,3,7,Petrol,Automatic,BMW
2897,222,15.7,30.87,3,5,Diesel,Automatic,BMW
1741,110,11.1,24.46,3,7,Petrol,Manual,Mercedes
2112,237,14.2,13.09,3,5,Petrol,Automatic,Mercedes
1992,98,17.4,30.37,4,5,Petrol,Manual,Mercedes
2594,302,15.6,49.26,7,5,Petrol,Manual,Toyota
3263,212,12.7,44.49,4,5,Petrol,Manual,BMW
1735,193,15.9,11.96,6,5,Diesel,Automatic,Toyota
1755,155,17.9,24.09,5,5,Petrol,Automatic,BMW
2522,268,6.8,41.6,1,5,Hybrid,Automatic,BMW
2341,278,19.6,25.98,2,5,Diesel,Automatic,BMW
2923,184,13.7,53.19,6,8,Petrol,Manual,Mercedes
2292,268,16.7,33.76,3,5,Diesel,Automatic,BMW
1820,130,19.8,33.65,6,5,Petrol,Manual,BMW
2295,163,9.5,32.94,7,5,Hybrid,Automatic,Mercedes
2554,172,12.2,17.8,5,5,Electric,Manual,Audi
2410,201,13.8,23.25,7,5,Diesel,Manual,Mercedes
2254,118,11.9,18.09,2,5,Diesel,Automatic,BMW
2533,214,21.9,47.2,8,5,Petrol,Automatic,Mercedes
2585,215,11.6,42.41,7,4,Petrol,Manual,Audi
2691,272,12.8,40.76,4,5,Hybrid,Automatic,BMW
2324,248,15.8,22.11,5,5,Petrol,Manual,Mercedes
1916,144,10.2,14.87,1,8,Petrol,Automatic,Ford
2073,133,13.4,33.89,3,5,Petrol,Automatic,Mercedes
2603,158,16.3,31.53,3,5,Diesel,Manual,BMW
1592,88,13.7,13.35,2,7,Petrol,Manual,BMW
2184,97,14.6,31.12,5,5,Hybrid,Manual,Mercedes
1803,122,12.9,10.11,5,5,Petrol,Manual,Audi
2014,124,8.9,19.92,2,5,Petrol,Manual,BMW
2639,310,16.3,31.74,6,5,Diesel,Automatic,BMW
2096,177,22.0,15.13,1,7,Petrol,Automatic,BMW
2023,137,15.1,39.99,4,5,Diesel,Manual,BMW
1320,114,15.9,10.74,1,5,Petrol,Automatic,Honda
2373,121,17.8,16.5,1,5,Petrol,Automatic,BMW
2323,175,9.9,18.71,3,7,Petrol,Automatic,BMW
3082,278,21.8,50.96,3,5,Hybrid,Automatic,BMW
1846,146,15.8,21.01,1,5,Diesel,Automatic,Audi
2110,152,21.5,28.45,5,7,Hybrid,Automatic,BMW
2125,254,12.1,11.29,6,5,Petrol,Manual,BMW
2789,308,22.3,15.39,0,5,Diesel,Manual,BMW
1952,175,18.1,22.81,2,5,Petrol,Automatic,Audi
2140,183,17.2,36.91,5,5,Hybrid,Manual,Mercedes
2304,207,15.9,42.11,3,5,Diesel,Automatic,Mercedes
2093,117,14.0,13.19,5,5,Diesel,Manual,Toyota
1777,127,19.8,23.24,2,5,Petrol,Automatic,Audi
2097,90,15.6,39.21,6,5,Diesel,Manual,Mercedes
2537,198,7.1,27.45,4,5,Petrol,Automatic,BMW
1487,124,10.5,25.94,2,5,Hybrid,Automatic,Mercedes
2066,120,14.3,14.47,4,2,Petrol,Manual,Ford
1650,193,16.2,31.4,6,8,Petrol,Manual,Mercedes
2598,293,14.8,42.27,5,5,Petrol,Automatic,Toyota
1238,121,19.9,23.67,5,8,Petrol,Manual,Audi
1721,142,7.2,26.07,6,5,Petrol,Manual,BMW
2189,240,15.6,22.88,4,5,Hybrid,Manual,Mercedes
2783,140,7.7,53.08,8,5,Diesel,Automatic,BMW
1967,203,18.0,17.97,0,5,Hybrid,Automatic,Audi
1722,86,14.6,17.19,2,5,Hybrid,Automatic,BMW
2941,305,16.7,45.62,1,5,Petrol,Automatic,Toyota
1276,79,11.5,21.03,1,7,Diesel,Automatic,BMW
901,99,20.1,17.07,6,5,Petrol,Automatic,BMW
2220,256,19.2,17.92,8,5,Hybrid,Automatic,BMW
1749,91,17.3,29.68,3,8,Petrol,Manual,BMW
1489,115,14.5,23.94,3,7,Petrol,Manual,Audi
2354,279,17.3,14.02,8,7,Petrol,Automatic,BMW
2122,167,12.2,22.94,4,5,Petrol,Automatic,Mercedes
1718,187,18.4,15.88,3,5,Petrol,Manual,BMW
1360,118,21.6,13.01,9,5,Petrol,Manual,Honda
2436,171,19.3,48.1,2,5,Hybrid,Automatic,BMW
2325,146,12.1,34.04,5,5,Hybrid,Automatic,BMW
1950,110,16.4,30.74,5,5,Petrol,Manual,Audi
2923,295,9.8,57.43,4,5,Petrol,Automatic,Mercedes
1465,104,17.3,15.61,3,5,Hybrid,Automatic,BMW
1237,100,16.8,21.06,6,5,Petrol,Automatic,Mercedes
1654,131,7.5,19.05,3,5,Hybrid,Automatic,BMW
1977,170,10.4,35.67,2,5,Petrol,Manual,BMW
2122,232,13.9,16.36,1,5,Diesel,Automatic,Mercedes
1879,223,13.8,36.11,2,5,Diesel,Automatic,BMW
2176,158,10.2,18.02,1,5,Diesel,Automatic,Mercedes
1374,146,16.6,13.59,3,5,Hybrid,Manual,BMW
2722,275,16.0,44.49,8,5,Petrol,Automatic,Audi
1959,168,14.2,21.37,1,5,Petrol,Manual,Audi
2559,298,12.0,36.14,4,5,Diesel,Manual,BMW
2171,122,19.2,25.33,8,5,Hybrid,Automatic,BMW
2228,109,21.6,35.95,3,5,Petrol,Automatic,BMW
2285,248,13.1,19.25,3,5,Hybrid,Automatic,BMW
2224,167,12.6,13.07,7,5,Petrol,Automatic,Ford
2321,250,17.0,22.05,4,5,Petrol,Automatic,Audi
2665,297,13.6,32.29,2,5,Hybrid,Automatic,Mercedes
2098,94,14.4,15.78,1,5,Petrol,Automatic,Mercedes
2355,261,18.0,24.31,7,5,Diesel,Manual,BMW
1955,148,7.4,21.5,5,5,Petrol,Automatic,Mercedes
2720,220,20.3,15.94,2,5,Petrol,Automatic,Mercedes
1662,150,15.3,22.85,6,5,Diesel,Manual,Mercedes
2900,331,13.4,52.97,3,4,Diesel,Automatic,BMW
1980,82,14.6,14.41,3,5,Petrol,Automatic,Hyundai
1285,100,14.8,17.95,1,5,Petrol,Manual,BMW
2064,196,8.1,30.9,5,5,Petrol,Automatic,Mercedes
1659,162,21.0,18.73,3,5,Petrol,Automatic,Mercedes
2420,231,15.2,37.55,4,5,Electric,Manual,Audi
1674,85,16.8,18.68,4,5,Hybrid,Manual,Mercedes
1777,114,18.8,22.34,7,4,Petrol,Automatic,Audi
1055,72,10.9,5.39,4,5,Petrol,Automatic,Toyota
1774,185,16.9,27.28,3,5,Hybrid,Automatic,Audi
800,50,13.9,11.94,2,5,Diesel,Automatic,Mercedes
1208,69,18.4,6.74,2,7,Diesel,Automatic,Hyundai
2380,277,6.5,25.05,2,5,Hybrid,Automatic,Toyota
2393,97,14.6,47.11,4,5,Petrol,Manual,Mercedes
2213,265,12.6,25.03,4,5,Petrol,Manual,Audi
1517,143,16.7,19.01,4,5,Electric,Automatic,Audi
1976,210,16.9,36.85,4,7,Diesel,Automatic,BMW
1998,127,12.2,31.49,5,5,Petrol,Automatic,Mercedes
1421,58,12.2,19.51,3,5,Petrol,Automatic,Audi
2752,273,14.6,46.69,3,5,Petrol,Automatic,Toyota
2439,260,11.4,43.82,1,5,Hybrid,Automatic,Audi
1890,188,18.4,22.4,6,5,Petrol,Automatic,Mercedes
2013,104,13.5,24.41,6,5,Petrol,Automatic,BMW
2104,211,5.0,22.7,5,5,Hybrid,Automatic,Audi
979,99,13.5,19.09,4,5,Petrol,Automatic,BMW
1876,174,10.8,29.0,3,7,Petrol,Manual,Mercedes
1659,168,8.5,10.37,2,5,Petrol,Automatic,Mercedes
1499,161,10.1,26.9,3,5,Petrol,Automatic,Mercedes
1859,166,15.4,22.7,4,7,Petrol,Manual,BMW
2899,137,20.3,17.48,4,5,Hybrid,Automatic,Audi
2320,183,16.3,30.73,4,7,Hybrid,Automatic,Mercedes
1714,79,12.6,19.3,8,5,Petrol,Manual,Audi
2286,166,16.8,41.53,3,5,Petrol,Automatic,BMW
2700,196,13.2,21.76,4,5,Diesel,Manual,Mercedes
2462,111,12.2,42.83,3,5,Petrol,Manual,Mercedes
2030,138,10.4,27.13,5,5,Petrol,Automatic,Mercedes
1677,82,8.0,9.76,6,5,Hybrid,Automatic,Audi
2349,246,13.4,45.99,7,5,Petrol,Automatic,BMW
2197,254,15.6,27.88,7,5,Petrol,Automatic,BMW
2448,112,14.6,22.92,3,5,Petrol,Automatic,Mercedes
2318,270,13.3,27.91,3,5,Petrol,Manual,BMW
2525,207,11.2,45.12,3,8,Petrol,Manual,Audi
1732,111,17.4,16.58,3,5,Petrol,Automatic,BMW
2659,123,9.7,20.98,7,4,Petrol,Manual,Mercedes
2099,168,18.1,14.56,4,5,Diesel,Automatic,Toyota
3038,315,11.0,28.76,5,8,Petrol,Automatic,Mercedes
1655,160,12.0,27.64,2,8,Petrol,Automatic,BMW
2868,126,9.1,34.63,5,5,Diesel,Manual,BMW
2099,96,13.0,17.66,6,7,Hybrid,Automatic,BMW
1674,121,18.9,12.54,10,5,Petrol,Automatic,BMW
1758,112,17.1,17.56,2,8,Petrol,Manual,Audi
1840,108,18.9,35.14,6,5,Petrol,Automatic,BMW
2212,138,17.1,22.44,7,5,Diesel,Automatic,Mercedes
2261,236,10.6,44.82,3,5,Petrol,Automatic,Toyota
1713,196,13.7,21.03,5,5,Petrol,Manual,Mercedes
1988,144,11.9,15.28,2,5,Petrol,Manual,Audi
3071,345,20.3,56.41,4,5,Petrol,Automatic,Toyota
2864,188,10.2,34.1,3,8,Petrol,Manual,Mercedes
2218,173,18.6,34.7,3,5,Petrol,Manual,Mercedes
2019,117,18.6,39.89,1,5,Hybrid,Manual,BMW
2060,188,22.3,11.85,6,5,Diesel,Manual,BMW
2307,273,13.4,14.88,3,5,Petrol,Manual,Audi
1489,131,17.8,23.54,7,5,Petrol,Manual,Mercedes
1871,128,24.1,17.26,6,5,Petrol,Automatic,Mercedes
1166,107,12.5,9.05,3,5,Petrol,Automatic,Hyundai
2200,110,8.9,12.3,3,5,Hybrid,Automatic,Honda
2324,258,7.5,12.38,2,5,Electric,Automatic,Mercedes
1758,141,17.9,29.21,4,8,Petrol,Automatic,Mercedes
2787,212,7.5,19.55,5,4,Petrol,Automatic,BMW
1387,120,13.5,16.67,6,7,Petrol,Automatic,Audi
1268,114,16.7,17.86,5,5,Diesel,Automatic,Mercedes
2112,97,15.7,24.13,1,5,Diesel,Automatic,Mercedes
2524,239,16.7,13.65,8,7,Hybrid,Automatic,Mercedes
2842,169,15.9,47.61,8,5,Hybrid,Automatic,BMW
1771,172,20.1,9.13,3,5,Petrol,Automatic,Ford
2539,269,11.2,41.71,6,5,Diesel,Manual,Mercedes
1981,207,12.3,36.45,4,5,Diesel,Manual,BMW
1914,161,11.9,22.0,3,5,Diesel,Manual,BMW
2442,199,18.3,31.83,7,5,Petrol,Manual,Audi
2326,120,18.6,28.27,3,7,Diesel,Manual,BMW
1212,124,16.8,13.14,4,5,Diesel,Automatic,Ford
2738,169,19.7,50.14,7,5,Diesel,Automatic,BMW
2690,214,10.3,49.52,4,2,Diesel,Automatic,Mercedes
1687,106,21.7,16.93,6,5,Diesel,Manual,Audi
2198,111,21.1,31.27,5,8,Diesel,Automatic,BMW
2247,203,17.9,42.48,11,5,Diesel,Automatic,Mercedes
2130,94,22.1,41.39,3,5,Diesel,Manual,Mercedes
1725,172,8.4,21.79,4,7,Petrol,Automatic,Mercedes
1664,109,12.9,19.62,2,5,Petrol,Automatic,Mercedes
1987,80,12.1,18.24,3,4,Petrol,Automatic,Mercedes
2586,209,17.9,50.12,0,5,Diesel,Manual,Mercedes
2272,99,10.8,16.23,5,5,Diesel,Automatic,Audi
1815,113,18.0,24.86,5,5,Electric,Automatic,Mercedes
2386,230,20.5,22.04,2,5,Petrol,Automatic,Mercedes
800,36,17.8,7.35,3,5,Petrol,Automatic,Kia
2574,276,16.1,28.51,6,5,Petrol,Automatic,Mercedes
1130,46,11.0,22.58,3,5,Petrol,Automatic,BMW
1819,109,11.6,10.59,4,5,Hybrid,Manual,Honda
1440,143,20.0,19.7,5,5,Petrol,Automatic,BMW
1353,88,18.1,8.44,2,8,Diesel,Manual,Toyota
2580,124,14.8,18.88,4,5,Diesel,Automatic,BMW
1766,122,13.3,20.47,4,5,Petrol,Automatic,BMW
2173,134,6.9,27.5,6,5,Hybrid,Manual,Mercedes
1977,212,10.7,17.56,3,5,Petrol,Automatic,BMW
2239,146,22.6,21.82,3,5,Petrol,Automatic,BMW
2038,210,9.9,12.85,5,5,Hybrid,Manual,Toyota
1359,151,15.8,12.98,4,5,Hybrid,Automatic,Toyota
2498,187,19.0,48.71,5,5,Petrol,Manual,BMW
1753,198,10.0,33.61,6,5,Petrol,Automatic,Mercedes
1222,86,15.7,12.25,5,5,Petrol,Manual,Kia
1786,209,18.8,24.22,1,5,Petrol,Automatic,Audi
2750,130,15.0,51.27,5,5,Electric,Automatic,Mercedes
2425,230,26.5,12.35,4,5,Diesel,Automatic,BMW
1826,145,8.3,31.33,0,5,Petrol,Manual,BMW
1825,130,19.2,35.09,5,5,Hybrid,Automatic,BMW
1839,167,14.3,11.71,3,5,Petrol,Automatic,Ford
3038,293,18.1,22.55,4,5,Petrol,Manual,BMW
2191,88,16.8,42.53,4,5,Hybrid,Automatic,Mercedes
2215,118,12.1,28.93,6,5,Hybrid,Manual,BMW
2515,244,15.9,13.11,5,5,Hybrid,Automatic,BMW
2119,198,7.6,18.78,2,5,Diesel,Automatic,Audi
1870,219,17.4,21.97,2,5,Hybrid,Automatic,Mercedes
1902,192,16.2,29.28,4,5,Petrol,Automatic,Audi
1964,228,17.6,31.42,6,5,Diesel,Automatic,Mercedes
1981,191,19.2,39.48,5,5,Electric,Manual,Mercedes
2364,151,16.5,22.02,5,5,Petrol,Automatic,Mercedes
2026,98,15.6,26.49,6,5,Hybrid,Automatic,Audi
2366,243,11.5,30.76,4,5,Petrol,Automatic,BMW
1960,179,12.2,21.73,3,5,Petrol,Automatic,Mercedes
2039,89,19.7,15.37,3,5,Hybrid,Manual,Mercedes
1001,69,20.7,19.68,5,5,Petrol,Automatic,BMW
2458,286,14.0,43.75,4,5,Diesel,Manual,Toyota
2173,174,15.2,27.11,4,8,Petrol,Manual,Audi
2499,186,11.4,35.11,3,5,Hybrid,Automatic,Mercedes
800,61,19.7,6.73,3,5,Petrol,Manual,BMW
3044,173,17.7,40.05,1,5,Petrol,Manual,Mercedes
1930,134,22.8,29.77,2,5,Petrol,Automatic,Audi
2554,178,11.5,32.51,7,5,Hybrid,Manual,Mercedes
1480,65,13.5,29.38,2,4,Diesel,Manual,BMW
2306,234,15.9,32.68,4,5,Diesel,Manual,Mercedes
1473,108,17.6,15.56,3,5,Petrol,Manual,BMW
1688,179,14.1,27.99,3,5,Petrol,Automatic,Mercedes
2957,319,11.5,22.35,7,8,Petrol,Automatic,BMW
1905,109,18.5,20.51,3,5,Diesel,Automatic,Mercedes
2109,195,17.9,21.52,2,7,Petrol,Automatic,Mercedes
2435,189,11.3,27.95,1,5,Electric,Manual,Audi
2248,248,20.4,37.6,4,7,Hybrid,Manual,BMW
2075,119,19.7,25.44,2,5,Petrol,Manual,BMW
2182,206,15.5,36.9,4,8,Petrol,Automatic,BMW
3202,284,15.3,43.7,7,5,Hybrid,Automatic,BMW
1971,125,17.2,19.97,4,5,Petrol,Automatic,Audi
2101,107,11.6,36.03,5,5,Petrol,Manual,Audi
2525,233,15.1,21.65,8,5,Petrol,Manual,Toyota
2553,253,6.4,21.36,4,5,Diesel,Automatic,Toyota
2594,169,18.5,32.6,3,8,Hybrid,Manual,BMW
2319,212,8.8,20.67,7,5,Petrol,Automatic,BMW
1428,102,21.0,7.33,4,5,Petrol,Automatic,Honda
2817,273,13.7,41.48,5,4,Petrol,Automatic,Audi
1427,80,14.2,18.07,8,5,Diesel,Automatic,Mercedes
2151,239,12.5,25.13,4,5,Petrol,Automatic,BMW
1623,102,13.8,31.66,3,5,Petrol,Automatic,BMW
1968,137,20.7,26.7,1,4,Hybrid,Automatic,Mercedes
2164,97,5.0,38.85,1,5,Electric,Manual,Audi
2161,106,20.1,15.33,8,4,Electric,Automatic,Mercedes
2211,180,16.4,29.93,5,2,Hybrid,Automatic,BMW
2807,172,10.2,50.58,3,5,Petrol,Manual,Audi
2227,238,10.7,30.61,5,5,Petrol,Automatic,Mercedes
1878,77,21.7,29.62,4,5,Petrol,Manual,Mercedes
2482,175,11.2,26.26,3,5,Petrol,Automatic,Audi
2595,174,10.4,16.57,1,4,Electric,Automatic,Mercedes
1386,58,19.5,16.45,5,5,Hybrid,Manual,BMW
2299,115,16.4,25.1,3,5,Diesel,Manual,BMW
2351,172,11.2,42.33,4,5,Petrol,Automatic,Mercedes
1851,147,15.9,16.03,9,5,Hybrid,Automatic,Mercedes
2688,194,10.9,52.42,7,5,Hybrid,Automatic,Mercedes
1925,159,19.4,37.29,5,5,Petrol,Manual,Audi
2063,181,19.2,17.98,4,5,Hybrid,Automatic,BMW
1913,78,17.1,19.55,1,5,Petrol,Automatic,Mercedes
2008,155,16.4,37.01,7,5,Petrol,Manual,BMW
1452,170,22.0,28.31,2,7,Diesel,Manual,Audi
1280,104,15.0,14.91,7,5,Diesel,Manual,Kia
2797,263,10.3,27.45,4,5,Petrol,Manual,Mercedes
1577,102,16.8,20.33,6,5,Petrol,Automatic,BMW
1504,153,23.3,23.04,5,5,Electric,Manual,Mercedes
923,94,10.9,8.4,6,5,Diesel,Automatic,Hyundai
1681,137,13.6,26.98,6,5,Diesel,Automatic,BMW
1338,158,16.7,7.73,2,7,Petrol,Manual,Audi
2821,141,14.8,16.19,5,5,Petrol,Automatic,Audi
2505,104,11.1,27.04,5,5,Petrol,Manual,Mercedes
1656,168,19.5,17.06,7,5,Petrol,Automatic,Mercedes
3126,327,24.3,30.43,3,5,Petrol,Manual,BMW
2491,124,15.8,30.8,2,5,Petrol,Automatic,Mercedes
1838,113,11.4,18.03,5,5,Diesel,Automatic,Mercedes
800,33,8.8,6.31,7,5,Petrol,Automatic,Honda
3145,200,16.0,30.32,4,5,Hybrid,Automatic,BMW
1305,133,19.4,25.61,5,7,Petrol,Automatic,BMW
1177,96,16.9,13.14,4,5,Petrol,Manual,Toyota
2511,170,15.0,29.31,6,5,Petrol,Automatic,Mercedes
3220,225,12.6,43.95,2,5,Petrol,Automatic,Audi
2692,108,10.6,53.17,5,5,Petrol,Automatic,Mercedes
2282,146,18.3,19.68,3,7,Electric,Manual,Audi
2297,211,18.7,34.96,6,5,Hybrid,Manual,Mercedes
2427,286,8.8,38.2,4,5,Petrol,Automatic,Audi
2379,256,21.4,33.57,4,5,Petrol,Automatic,Mercedes
2141,90,17.3,13.55,7,4,Diesel,Manual,Kia
2052,230,20.6,31.09,1,5,Hybrid,Automatic,Mercedes
1969,202,9.6,11.74,2,5,Petrol,Automatic,Hyundai
1623,166,9.5,22.63,5,8,Diesel,Automatic,BMW
1860,143,14.4,29.93,2,5,Hybrid,Automatic,Mercedes
1154,83,17.0,9.42,5,5,Hybrid,Manual,Ford
1951,125,22.2,34.39,4,5,Hybrid,Manual,Audi
1506,68,17.8,8.22,0,5,Hybrid,Manual,Kia
1448,84,14.0,25.57,3,5,Hybrid,Automatic,BMW
2090,125,10.9,24.88,3,4,Petrol,Automatic,Mercedes
2696,212,19.9,22.28,1,5,Diesel,Manual,Mercedes
2459,245,11.1,17.23,3,5,Hybrid,Automatic,Mercedes
1215,95,21.5,23.45,5,5,Diesel,Automatic,BMW
1505,67,13.9,9.17,6,5,Electric,Manual,Mercedes
2470,288,21.4,19.73,2,7,Petrol,Manual,Toyota
1509,174,17.7,15.42,3,5,Petrol,Automatic,Mercedes
1888,194,14.5,27.01,4,5,Petrol,Manual,BMW
2275,271,12.9,29.97,4,5,Petrol,Automatic,BMW
1516,127,13.6,10.44,4,5,Petrol,Automatic,Hyundai
2053,240,16.7,19.19,5,5,Diesel,Automatic,BMW
1333,61,15.3,11.44,0,5,Petrol,Automatic,Audi
1699,118,12.6,13.94,3,7,Diesel,Automatic,Hyundai
2160,125,14.3,24.12,5,5,Diesel,Automatic,Mercedes
1204,67,15.3,18.73,6,7,Petrol,Automatic,Mercedes
2220,114,6.5,18.34,8,5,Petrol,Automatic,BMW
1990,179,16.8,20.9,3,5,Diesel,Manual,Audi
2276,233,11.1,24.73,4,5,Hybrid,Manual,Audi
2112,182,10.4,41.49,3,5,Hybrid,Automatic,Audi
2682,139,8.3,51.82,4,4,Hybrid,Automatic,Mercedes
